{
  "date": "2020-11-03T03:00:00.000Z",
  "title": "Camisas masculinas slim ou slim fit?",
  "thumbnail": "/img/uploads/camisa-slim-slimfit-bruce-mars-unsplash.jpg",
  "description": "A moda está sempre em movimento, como quase tudo que conhecemos vem se modificando e modernizando. Com a moda masculina não poderia ser diferente, aliás tudo na moda masculina vem se modernizando.",
  "body": "<p>A moda masculina como quase tudo que conhecemos vem se <a href=\"https://www.kelvys.com.br/posts/camisas-que-nao-saem-de-moda-2020-09-15\">modificando e modernizando</a>. As <a href=\"https://www.kelvys.com.br/camisas-masculinas/\">camisas masculinas</a> não são diferentes, aliás tudo na moda masculina vem se modernizando, são cortes mais ajustados alinhados ao corpo, são cores, estampas. No dias dias atuais as camisas masculinas estão mais ajustadas, como os tecidos estão também modernos eles tem papel fundamental nisso.</p>\n\n<p>Tempos atrás as camisas tinham um ombro \"caído\", a pala das costas eram grandes e as camisas ficam com o aspecto de que estavam grandes, mas era a moda da época. Blazer, calças tudo tinha essa pegada mais \"larga\", nos dias de hoje as camisas estão mais justas são as camisas slim. Existem diferentes modelagens que mudam de marca pra marca, mas basicamente são camisas mais ajustadas.</p>\n\n<p>Cada marca da um nome para seus modelos, algumas usam camisa slim outras slim fit ou somente fit. Independente do nome os modelos se diferem basicamente pelo modelo. Slim é o modelo mais ajustado ao corpo, tem bom caimento e não fica sobrando tecido, já o modelos slim fit é um modelo mais ajustado que fica bem modelada ao corpo. Normalmente os modelos fit tem até um costura nas costas e na frente pra marcar bem a linha de cintura.</p>\n\n<p>Na <a href=\"https://www.kelvys.com.br/\">Kelvy's</a> trabalhamos com o modelo slim, porque entendemos que esse modelo se encaixa no maior numero de pessoas. Mais altos ou baixos, os mais atléticos ou aqueles que tem a famosa barriguinha de chopp se sentem bem em uma camisa slim. A maioria dos nossos modelos de <a href=\"https://www.kelvys.com.br/camisa-social-masculina/\">camisa social</a> tem elastano na composição, é aquele fio que \"estica\" como a lycra. Por isso nossas camisas ficam mais ajustadas e não incomodam. A indústria têxtil também tem se modernizado muito, criando sempre tecidos inovadores, como esses com elastano que acompanham os movimentos.</p>\n\n<p>Como a moda está em constante evolução nós também estamos, assim podemos trazer o que a de mais moderno na <a href=\"https://www.kelvys.com.br/\">moda masculina</a> para vocês. Obrigado e até a próxima.</p>\n\n<img src=\"https://www.kelvys.com.br/img/uploads/milad-shams-lucwifdk1rs-unsplash.jpg\" width=\"300px\"/>\n<img src=\"https://www.kelvys.com.br/img/uploads/taylor-grote-rnh5itofdam-unsplash.jpg\" width=\"300px\"/>\n\n<img src=\"https://www.kelvys.com.br/img/uploads/long-truong-NSfjmz11k7k-unsplash.jpg\" width=\"300px\"/>\n<img src=\"https://www.kelvys.com.br/img/uploads/tyler-nix-LPvloZJu1Pk-unsplash1.jpg\" width=\"300px\"/>\n\n<img src=\"https://www.kelvys.com.br/img/uploads/abuzar-xheikh-nLDAbNlusuA-unsplash.jpg\" width=\"300px\"/>\n<img src=\"https://www.kelvys.com.br/img/uploads/muneeb-malik-vFmoxcQhf0A-unsplash.jpg\" width=\"300px\"/>\n\n<img src=\"https://www.kelvys.com.br/img/uploads/creating-a-brand-xcQWU0Eff-U-unsplash.jpg\" width=\"300px\"/>\n<img src=\"https://www.kelvys.com.br/img/uploads/bantersnaps-eLOwnWvK9Fk-unsplash.jpg\" width=\"300px\"/>\n\n<img src=\"https://www.kelvys.com.br/img/uploads/mario-klassen-t8yimzM2bEY-unsplash.jpg\" width=\"300px\"/>",
  "meta_title": "Camisas masculinas slim ou slim fit",
  "meta_description": "Camisas masculinas slim ou slim fit, qual a melhor para usar?"
}