{
  "date": "2020-10-03T03:00:00.000Z",
  "title": "Camisas que não saem de moda!",
  "thumbnail": "/img/uploads/camisas-nao-saem-de-moda-morning-brew-unsplash.jpg",
  "body": "<p>Existem muitas peças de roupas que nunca saem de moda, não é mesmo?! Camisa Xadrez, Camisa jeans, Calça jeans, Camiseta básica, Camisa polo. Independente da época ou do estilo essas estão sempre em alta, claro que as modelagens mudam ficando mais modernas (mas não é regra). Hoje em dia por exemplo as camisas tem na maioria corte slim ou slim fit, são camisas mais \"acinturadas\", camisas mais justas ao corpo. As camisas da Kelvy's por exemplo tem no corte slim, com um ótimo caimento no corpo. Não ficam com os ombros caídos como em camisas tradicionais mais antigas.</p> \n\n<p>Abaixo deixamos um vídeo muito legal mostrando como essas peças não saíram (e não saem) de moda. Camisa jeans, camisa xadrez são camisas masculinas que quase todo mundo tem ou já teve alguma, elas são peças atemporais que combinam com qualquer estilo. Colocamos alguns modelos que temos em <a href=\"https://www.kelvys.com.br/\">nossa loja virtual</a>, dá uma passada lá pra conferir!</p>\n\n<div class=\"embed-responsive embed-responsive-16by9\"> <iframe class=\"embed-responsive-item\" src=\"https://www.youtube.com/embed/7CrX-eRCY7Q\"></iframe> </div>\n\n<a href=\"https://www.kelvys.com.br/camisa-jeans-masculina-delave\"><img src=\"https://ecom-zjoeihfm.sfo2.digitaloceanspaces.com/@v2-1597959040991-camisa-jeans-masculina-delave-08-20.jpg\" width=\"300px\"/></a>\n<a href=\"https://www.kelvys.com.br/camisa-jeans-masculina-stone\"><img src=\"https://ecom-zjoeihfm.sfo2.digitaloceanspaces.com/@v2-1587146200304-camisa-jeans-masculina-stone_0.jpg\" width=\"275px\"/></a><p>*Camisas Jeans Masculina*</p>\n\n<a href=\"https://www.kelvys.com.br/camisa-xadrez-masculina-preta-manga-longa\"><img src=\"https://ecom-zjoeihfm.sfo2.digitaloceanspaces.com/@v2-1593562153684-camisa-xadrez-preta-manga-longa.jpg\" width=\"300px\"/></a>\n<a href=\"https://www.kelvys.com.br/camisa-xadrez-flanela-azul-vermelho\"><img src=\"https://ecom-zjoeihfm.sfo2.digitaloceanspaces.com/@v2-1587144933292-camisa-xadrez-flanela-azul-vermelho_0.jpg\" width=\"300px\"/></a><p>*Camisas Xadrez Masculinas*</p>\n\n<a href=\"https://www.kelvys.com.br/camisa-social-branca\"><img src=\"https://ecom-zjoeihfm.sfo2.digitaloceanspaces.com/@v2-1588219129598-camisa-masculina-branco-preto-0120.jpg\" width=\"300px\"/></a>\n<a href=\"https://www.kelvys.com.br/camisa-social-azul-marinho\"><img src=\"https://ecom-zjoeihfm.sfo2.digitaloceanspaces.com/@v2-1587146998289-camisa-social-azul-marinho_0.jpg\" width=\"300px\"/></a><p>*Camisas Sociais Masculinas*</p>\n\n",
  "description": "Moda é muito atemporal, ou seja várias roupas estão na moda sempre, principalmente na moda masculina, são camisas, pólos, camisetas que mudam uma coisa ou outra, mas estão sempre em alta."
}