{
  "date": "2023-06-12T20:40:58.615Z",
  "body": "<!--StartFragment-->\n\n## Descubra a Melhor Camisa de Flanela para um Estilo Sofisticado e Confortável\n\nSe você está procurando uma camisa que combine estilo e conforto, não procure mais: a camisa de flanela é a escolha perfeita. Com sua popularidade em ascensão, a camisa de flanela se tornou uma tendência da moda, adorada tanto por homens quanto por mulheres. Neste artigo, exploraremos os motivos pelos quais a camisa de flanela se destaca como uma opção versátil e elegante para diversas ocasiões. Prepare-se para descobrir tudo o que você precisa saber sobre a camisa de flanela e como ela pode elevar seu guarda-roupa a um novo patamar.\n\n### A História da Camisa de Flanela\n\nA camisa de flanela tem uma longa história que remonta aos tempos antigos. Originalmente, a flanela era feita de lã cardada, o que a tornava extremamente quente e ideal para climas frios. No entanto, ao longo dos anos, a flanela evoluiu e se tornou mais leve e macia, graças aos avanços tecnológicos na indústria têxtil.\n\n### Conforto Incomparável\n\nUma das principais razões pelas quais a camisa de flanela ganhou tanta popularidade é o seu conforto incomparável. Feita com tecido macio e suave, a flanela é aconchegante ao toque e oferece uma sensação de conforto instantâneo ao vesti-la. Além disso, a flanela é altamente respirável, o que significa que você se sentirá confortável mesmo em climas mais quentes. É a combinação perfeita entre estilo e praticidade.\n\n### Versatilidade de Estilo\n\nUma das grandes vantagens da camisa de flanela é sua versatilidade de estilo. Ela pode ser facilmente incorporada em diversos looks, seja para ocasiões formais ou casuais. Para um visual casual e despojado, você pode combiná-la com jeans e um par de botas. Se deseja um estilo mais elegante, a camisa de flanela pode ser usada com uma calça social e um sapato social, adicionando um toque de sofisticação ao seu visual.\n\n![](/img/uploads/hannah-morgan-k9_qdflyh5e-unsplash.jpg)\n\n### Opções de Cores e Padronagens\n\nOutra característica marcante das camisas de flanela são suas diversas opções de cores e padronagens. Você pode encontrar desde as tradicionais padronagens xadrezes até estampas mais modernas e arrojadas. Isso permite que você escolha uma camisa de flanela que combine perfeitamente com seu estilo pessoal e com as demais peças do seu guarda-roupa.\n\n![](/img/uploads/dan-gold-hj8ub6lamqa-unsplash.jpg)\n\n### Durabilidade e Qualidade\n\nAo investir em uma camisa de flanela, você estará adquirindo uma peça durável e de alta qualidade. A flanela é conhecida por sua resistência, o que significa que sua camisa irá durar por muitos anos, desde que seja cuidada adequadamente. Além disso, a flanela é fácil de lavar e manter, tornando-a uma opção prática para o dia a dia.\n\n![](/img/uploads/bannon-morrissy-li2mzae12be-unsplash1.jpg)\n\n### Onde Comprar a Melhor Camisa de Flanela\n\nAgora que você está convencido dos benefícios e da versatilidade da camisa de flanela, pode estar se perguntando onde encontrar a melhor opção disponível no mercado. Existem diversas marcas e lojas que oferecem camisas de flanela, mas camisas de flanela de alta qualidade você encontra na [Kelvy's Camisas](https://www.kelvys.com.br/), tanto em nossas lojas físicas quanto online. \n\n<!--EndFragment-->",
  "thumbnail": "/img/uploads/the-blowup-ae-9l0oedcg-unsplash1.jpg",
  "title": "Camisa de Flanela um Estilo Sofisticado e Confortável",
  "description": "Se você está procurando uma camisa que combine estilo e conforto, não procure mais: a camisa de flanela é a escolha perfeita, tendência de moda e adorada tanto por homens quanto por mulheres.",
  "meta_title": "Camisa Flanela Kelvy's Sofisticação e Conforto",
  "meta_description": "Camisa de flanela se destaca como uma opção versátil e elegante para diversas ocasiões."
}