{
  "date": "2020-12-01T22:58:42.876Z",
  "title": "Camisa polo masculina, você sabe como surgiu?",
  "thumbnail": "/img/uploads/camisa-polo-masculina-howard-bouchevereau-unsplash.jpg",
  "description": "A camisa polo masculina, surgiu por volta de 1926 quando um jogador de tênis adaptou suéteres de jogadores de pólo. Ele criou uma camisa de manga curta, botões, surgindo assim a primeira camisa pólo.",
  "body": "<p>A camisa polo masculina, surgiu por volta de 1926 quando o jogador de tênis Jean René Lacoste, adaptou suéteres usados por jogadores de pólo. Ele criou uma camisa de manga curta, com colarinho e botões, surgindo assim a primeira camisa pólo.</p>\n\n<p>Em 1929 ele criou a marca Lacoste, que originalmente fabricava as pólos apenas para a pratica do tênis. Com o passar do tempo diversas marcas criaram o seu modelo de camisa pólo, assim o esporte acabou entrando no mundo da moda ou a moda entrou no esporte?</p>\n\n<p>As <a href=\"https://www.kelvys.com.br/camisa-polo-masculina/\">camisas polo</a> são conhecidas por serem camisas um pouco mais \"clássicas\", mais arrumadinhas. Quem quer que seja quando está usando um pólo estará sempre bem vestido, por isso ela se adaptou tão rápido no mundo da moda.</p>\n\n<p>Hoje em dia existem vários modelos e tecidos para as polos, elas podem ser de algodão, misto de algodão e poliéster, viscose. Normalmente elas são de um tecido chamado piquet, que é um tecido que tem sua trama em forma de colmeia. Algumas pessoas tendem a achar que ele é um tecido pesado e quente, mas pelo contrário por ser de algodão é um tecido bem agradável.</p>\n\n<p>Todos tecido que tem algodão em sua composição é leves e \"respirável\", deixa o corpo transpirar, nada é mais fresco do algodão afinal é uma fibra natural. Com o avanço na indústria têxtil hoje os tecido piquet pode ser encontrado em 100% algodão ou misto 50% algodão, 50% poliéster.</p>\n\n<a href=\"https://www.kelvys.com.br/polo-masculina-lisa-branca\"><img src=\"https://ecom-zjoeihfm.sfo2.digitaloceanspaces.com/@v2-1588221136266-camisa-polo-masculina-branca-6040.jpg\" width=\"300px\"/></a>\n<a href=\"https://www.kelvys.com.br/camisa-polo-masculina-verde\"><img src=\"https://ecom-zjoeihfm.sfo2.digitaloceanspaces.com/@v2-1587146705932-camisa-polo-masculina-verde_0.jpg\" width=\"300px\"/></a>\n\n<a href=\"https://www.kelvys.com.br/camisa-polo-masculina-cor-azul-marinho\"><img src=\"https://ecom-zjoeihfm.sfo2.digitaloceanspaces.com/@v2-1587148082577-camisa-polo-masculina-cor-azul-marinho_0.jpg\" width=\"300px\"/></a>\n<a href=\"https://www.kelvys.com.br/camisa-polo-masculina-laranja\"><img src=\"https://ecom-zjoeihfm.sfo2.digitaloceanspaces.com/@v2-1587148345369-camisa-polo-masculina-laranja_0.jpg\" width=\"300px\"/></a><p>*Camisas Polo Masculinas*</p>\n\n<p><a href=\"https://www.kelvys.com.br/camisa-polo-masculina/\">As polos</a> da nossa marca <a href=\"https://www.kelvys.com.br/\">Kelvy's</a> geralmente são de tecido misto 50% algodão 50% poliéster, usamos esse tecido por ser fresco, fácil de passar e que tem uma durabilidade acima da média. Assim você adquire um polo da kelvy's por um preço acessível e um produto de qualidade superior, fora ser um <a href=\"https://www.kelvys.com.br/posts/camisas-que-nao-saem-de-moda-2020-09-15\">peça atemporal</a>.</p>",
  "meta_title": "Camisa polo masculina, surgimento",
  "meta_description": "Você sabe como surgiu a camisa polo masculina que conhecemos hoje?"
}