{
  "date": "2021-01-28T19:09:18.571Z",
  "title": "Camisa social branca, devo mesmo compra uma?",
  "thumbnail": "/img/uploads/camisa-social-branca-nimble-made-unsplash1.jpg",
  "description": "Camisa branca social, devo mesmo ter uma? Muitos se fazem essa pergunta, mas podemos adiantar que a resposta é sim, você dever ter pelo menos uma camisa social branca em seu guarda-roupas.",
  "body": "[Camisa branca social](https://www.kelvys.com.br/camisa-masculina-social-branca-riscada), devo mesmo ter uma? Essa é uma pergunta que muitos se fazem. Já podemos adiantar que a resposta é sim, você dever ter pelo menos uma camisa social branca em seu guarda-roupas.\n\n[A camisa branca](https://www.kelvys.com.br/camisa-social-branca) é uma peça atemporal e coringa na moda masculina, mas o que isso quer dizer? Quer dizer que uma camisa branca vai combinar com tudo que você for vestir, tudo mesmo, calça, bermudas, shorts, com jaqueta, por fora da calça as possibilidades são quase infinitas.\n\nÉ uma [camisa que não sai da moda](https://www.kelvys.com.br/camisa-social-branca-chuviscada), com o passar dos tempos podem mudar as modelagens, formas, mas camisa branca é sempre branca. Te deixa mais “arrumadinho” em um look mais social, com calça de alfaiataria e pode te dar um ar mais despojado e descolado usando uma bermuda e chinelos por exemplo.\n\nAlguns devem pensar, “Ah, mas eu não gosto de camisa”, vamos deixar alguns exemplos de como você pode usar uma camisa branca. Para aqueles que não usam camisa de jeito nenhum, lembre-se sempre vai ter aquele evento que vai precisar ir de camisa.\n\n<a href=\"https://www.kelvys.com.br/camisa-masculina-social-branca-riscada\"><img src=\"https://www.kelvys.com.br/img/uploads/fe474c055ff7e05a1631175a06982570.jpg\" width=\"300px\"/></a>\r\n<a href=\"https://www.kelvys.com.br/camisa-masculina-social-branca-riscada\"><img src=\"https://www.kelvys.com.br/img/uploads/349342f0a1c8bbb5fe3769f80b0abbd0.jpg\" width=\"300px\"/></a>\n\n<img src=\"https://www.kelvys.com.br/img/uploads/5ade4d5290f52635170c14f2b7e8ff73.jpg\" width=\"300px\"/></a>\r\n<img src=\"https://www.kelvys.com.br/img/uploads/7897776f08a8c8ddea26d5da949973e2.jpg\" width=\"300px\"/></a>\n\n\n\nTemos essa abaixo e [outros nossos modelos de camisa branca](https://www.kelvys.com.br/search?term=camisa+social+branca) assim como [outras cores de camisa](https://www.kelvys.com.br/camisa-social-masculina), com ou sem detalhes a escolha é sua, vão cair muito bem em qualquer estilo que desejar.\n\n<a href=\"https://www.kelvys.com.br/camisa-social-branca\"><img src=\"https://ecom-zjoeihfm.sfo2.digitaloceanspaces.com/imgs/normal/@v2-1588219129598-camisa-masculina-branco-preto-0120.jpg\" width=\"300px\"/></a>\n<a href=\"https://www.kelvys.com.br/camisa-masculina-social-branca-riscada\"><img src=\"https://ecoms1.com/1035/imgs/normal/@v3/1608303014262-camisa-masculina-branca-riscada.jpg\" width=\"300px\"/></a><p>*Exemplos de Camisa Branca*</p>",
  "meta_title": "Camisa social masculina branca, porque ter uma?",
  "meta_description": "Camisa social masculina branca, porque ter uma?",
  "sections": []
}