{
  "date": "2023-06-30T20:56:48.585Z",
  "thumbnail": "/img/uploads/austin-distel-7uommzpd2ja-unsplash1.jpg",
  "body": "<!--StartFragment-->\n\n## Os Benefícios de Usar [Camisa Masculina](https://www.kelvys.com.br/camisas-masculinas): Estilo e Elegância para Todas as Ocasiões\n\nA [camisa masculina](https://www.kelvys.com.br/camisas-masculinas) é uma peça clássica e versátil que pode elevar o visual de qualquer homem. Além de transmitir elegância e estilo, o uso dessa peça traz uma série de benefícios. Neste artigo, exploraremos os principais benefícios de usar camisa masculina em diferentes situações, desde ambientes de trabalho até eventos sociais. Acompanhe-nos e descubra por que a camisa masculina é um item indispensável no guarda-roupa masculino.\n\n**Benefício 1:** Aparência Profissional e Confiança Ao usar uma camisa masculina bem ajustada, você transmite uma imagem profissional e confiante. Essa peça de roupa é frequentemente associada a ambientes de trabalho formais e transmite uma sensação de seriedade e comprometimento. Ao vestir uma camisa masculina, você sentirá um aumento na sua autoconfiança, o que pode impactar positivamente sua performance e relacionamentos profissionais.\n\n**Benefício 2:** Versatilidade para Diversas Ocasiões Uma das vantagens das camisas masculinas é sua versatilidade. Elas podem ser usadas em uma ampla variedade de ocasiões, desde reuniões de negócios até eventos sociais e festas casuais. A camisa masculina pode ser combinada com calças sociais, jeans ou até mesmo bermudas, permitindo que você crie diferentes looks de acordo com o ambiente e o estilo desejado.\n\n**Benefício 3:** [Variedade de Estilos](https://www.kelvys.com.br/camisa-polo-masculina) e [Modelos](https://www.kelvys.com.br/camisa-jeans-masculina) Outra grande vantagem de usar camisa masculina é a enorme variedade de estilos e modelos disponíveis no mercado. Você pode optar por camisas de manga longa, manga curta, estampadas, lisas, com colarinho tradicional ou mandarim, entre muitas outras opções. Essa diversidade permite que você se adapte às tendências da moda e demonstre sua personalidade através das suas escolhas de estilo.\n\n**Benefício 4:** Conforto e Tecidos de Qualidade As camisas masculinas são frequentemente confeccionadas em tecidos de alta qualidade, como algodão, linho ou seda. Esses materiais oferecem conforto e permitem que a pele respire, evitando desconforto e transpiração excessiva. Ao escolher camisas de marcas renomadas como da [Kelvy's camisas](https://www.kelvys.com.br/) , você também pode contar com acabamentos impecáveis e detalhes que garantem o ajuste perfeito ao seu corpo, garantindo conforto durante todo o dia.\n\n**Benefício 5:** Expressão do Estilo Pessoal O uso da camisa masculina também permite que você expresse seu estilo pessoal. Você pode escolher cores, estampas e modelos que reflitam sua personalidade e gostos individuais. Complementar o look com acessórios como gravatas, lenços ou abotoaduras adiciona ainda mais personalidade ao visual.\n\n**Conclusão:** A camisa masculina é muito mais do que uma simples peça de roupa. Ela traz consigo uma série de benefícios, desde a aparência profissional até a expressão do estilo pessoal. Ao investir em camisas masculinas de qualidade e combinar com outros elementos do vestuário, você estará pronto para enfrentar qualquer ocasião com elegância e confiança. Não deixe de conferir a linha completa de camisas masculinas disponíveis no site [www.kelvys.com.br](http://www.kelvys.com.br/) para encontrar as melhores opções que se adequam ao seu estilo e necessidades.\n\n<!--EndFragment-->",
  "title": "Os Benefícios de Usar Camisa Masculina",
  "description": "A camisa masculina é uma peça clássica e versátil que pode elevar o visual de qualquer homem. Além de transmitir elegância e estilo, o uso dessa peça traz uma série de benefícios que vamos te mostrar.",
  "meta_title": "Os Benefícios de Usar Camisa Masculina",
  "meta_description": "Os benefícios de usar Camisa Masculina da Kelvy's Camisas"
}