{
  "date": "2023-08-14T22:11:49.200Z",
  "title": "Você sabe as diferenças entre camisa slim, slim fit e tradicional?",
  "thumbnail": "/img/uploads/benjamin-rascoe-wdhmrpvmn7a-unsplash.jpg",
  "description": "Na moda masculina contemporânea, a escolha da camisa perfeita vai além da simples seleção de padrões e cores. Atualmente, diferentes cortes de camisa ganharam destaque, vamos te mostrar",
  "body": "<!--StartFragment-->\n\nVocê sabe qual é a diferença entre camisa slim, slim fit e tradicional? Esses são termos que se referem aos tipos de modelagem das camisas masculinas, e que podem influenciar tanto no visual quanto no conforto de quem as usa. Neste artigo, vamos explicar o que significa cada um desses termos, quais são as vantagens e desvantagens de cada tipo de corte, e como escolher a camisa ideal para o seu estilo e biotipo. Confira!\n\n<br></br>\n\n**Camisa Tradicional (ou Regular / Classic Fit)**\n\nA camisa tradicional, também chamada de regular ou classic fit, é aquela que tem o corte reto e mais solto no corpo. Ela não marca as curvas nem restringe os movimentos, proporcionando uma sensação de conforto e liberdade. Esse tipo de modelagem é bastante usado em camisas sociais ou formais, mas também pode ser encontrado em peças mais casuais, como jeans, linho ou estampadas.\n\nA camisa tradicional é ideal para quem tem uma barriguinha saliente que precisa ser disfarçada, ou para quem prefere um visual mais clássico e discreto. Ela também é indicada para homens que têm um estilo mais despojado e alternativo, que gostam de usar peças oversized ou com sobreposições.\n\n![](/img/uploads/andreea-pop-12zefbezmvg-unsplash.jpg)\n\n<br></br>\n\n**[Camisa Slim](https://www.kelvys.com.br/camisas-masculinas)**\n\nA camisa slim é aquela que tem um corte mais ajustado ao corpo do que a camisa tradicional, mas sem ser muito apertada. Ela é mais estreita na cintura e no tórax, mas ainda tem um pouco de folga na região da barriga e do peito. Ela também tem as mangas mais rentes aos braços, mas sem ficar coladas.\n\nA camisa slim proporciona um visual mais moderno e elegante, realçando as formas do corpo sem exagerar. Ela é uma ótima opção para quem quer se vestir bem em qualquer ocasião, seja no trabalho, em um jantar ou em um evento social. Ela combina com homens que têm um corpo magro ou atlético, ou que querem parecer mais esbeltos.\n\n![](/img/uploads/benjamin-rascoe-89kmti0iax4-unsplash.jpg)\n\n<br></br>\n\n**Camisa Slim Fit**\n\nA camisa slim fit é aquela que tem um corte ainda mais justo ao corpo do que a camisa slim. Ela fica perfeitamente alinhada às curvas do corpo, sendo mais estreita na cintura, no tórax e nos braços. Ela costuma ser mais apertada e justa, deixando pouco espaço entre o tecido e a pele.\n\nA camisa slim fit proporciona um visual ainda mais moderno e sofisticado, destacando os músculos e a definição do corpo. Ela é uma opção que se tornou bastante popular nos últimos anos, especialmente entre os homens que buscam um estilo mais fashion e ousado. Ela combina com homens que têm um corpo bem definido e tonificado, ou que querem parecer mais musculosos.\n\n![](/img/uploads/roman-holoschchuk-nfhrxa64fvm-unsplash.jpg)\n\n<br></br>\n\nComo escolher a camisa ideal para você?\n\nAgora que você já sabe qual é a diferença entre camisa slim, slim fit e tradicional, você pode escolher a opção que mais se adapta ao seu estilo e biotipo. No entanto, além do tipo de modelagem, existem outros fatores que podem influenciar na hora de comprar uma camisa masculina, como o tecido, a cor, a estampa, o colarinho e os botões.\n\nPara te ajudar nessa missão, nós separamos algumas dicas práticas de como escolher a camisa ideal para você:\n\n* Experimente diferentes modelos antes de comprar. Não se baseie apenas nas etiquetas ou nas fotos dos produtos. Cada marca pode ter uma modelagem diferente, e cada pessoa pode ter um caimento diferente. O importante é se sentir confortável e confiante com a peça.\n* Considere o tecido da camisa. Existem diversos tipos de tecidos que podem ser usados nas camisas masculinas, como algodão, poliéster, linho, seda ou misturas. Cada tecido tem suas vantagens e desvantagens em relação à aparência, ao conforto, à durabilidade e à facilidade de cuidado. Escolha o tecido que melhor atenda às suas necessidades e preferências.\n* Escolha a cor e a estampa da camisa de acordo com a ocasião e o seu estilo pessoal. As cores e as estampas podem transmitir diferentes mensagens e sensações, além de combinar ou contrastar com o seu tom de pele, cabelo e olhos. As cores neutras, como branco, preto, cinza e azul-marinho, são mais versáteis e formais, podendo ser usadas em qualquer situação. As cores vibrantes, como vermelho, amarelo, verde e roxo, são mais alegres e informais, podendo ser usadas para dar um toque de personalidade ao look. As estampas, como xadrez, listras, florais e geométricas, são mais divertidas e criativas, podendo ser usadas para criar um visual mais descontraído e original.\n* Preste atenção ao colarinho e aos botões da camisa. O colarinho e os botões são detalhes que podem fazer toda a diferença na hora de compor o seu look. O colarinho pode ser de diferentes tipos, como italiano, francês, inglês ou americano, e cada um tem um formato e um tamanho que combinam melhor com determinados tipos de rosto e de gravata. Os botões podem ser de diferentes cores, materiais e tamanhos, e podem criar um contraste ou uma harmonia com o tecido da camisa. Escolha o colarinho e os botões que mais valorizem o seu rosto e o seu estilo.\n\nOnde comprar camisas masculinas de qualidade?\n\nSe você está procurando camisas masculinas de qualidade, com diferentes tipos de modelagem, tecido, cor, estampa, colarinho e botões, você precisa conhecer a Kelvy's. A Kelvy's é uma [loja online](https://www.kelvys.com.br/) especializada em camisas masculinas, que oferece produtos de alta qualidade, com design exclusivo e preço justo.\n\nNa Kelvy's, você encontra camisas tradicionais, slim e slim fit, em tecidos como algodão, tricoline e linho. Você também encontra camisas em cores sólidas ou estampadas, com colarinhos variados e botões personalizados. Além disso, você conta com um atendimento personalizado, uma entrega rápida e segura, e uma política de troca e devolução facilitada.\n\nNão perca tempo e [acesse nosso site](https://www.kelvys.com.br/) para conferir as novidades da coleção. Aproveite para comprar as suas camisas preferidas com descontos especiais e parcelamento sem juros. Garanta já o seu look perfeito com as camisas da Kelvy's!\n\n<!--EndFragment-->",
  "meta_title": "Qual a diferença de camisa slim, camisa slim fit e camisa tradicional?",
  "meta_description": "Kelvy's Camisas mostrando a diferença de camisa slim, camisa slim fit e camisa tradicional"
}