{
  "assetsByChunkName": {
    "vendors~app-account~app-checkout~app-confirmation~app-order": "chunk.161e13e15fcf1c5e4491.js",
    "vendors~app-account~app-confirmation~app-order": "chunk.cd43a0f8f321eab13814.js",
    "vendors~app-account~app-checkout": "chunk.a6efc45bb93a7160b552.js",
    "admin": [
      "admin.4f8b0701bba07064b7d8.js",
      "admin.4f8b0701bba07064b7d8.js.map"
    ],
    "app-account": "chunk.9536d7072eb91528fb9e.js",
    "app-confirmation": "chunk.9f374104f75c0d75ee25.js",
    "app-order": "chunk.87e01df2a08ae89a0b07.js",
    "checkout": [
      "checkout.d9e24344e164b78ddb58.js",
      "checkout.d9e24344e164b78ddb58.js.map"
    ],
    "storefront": [
      "storefront.51c75e3858644ce96bad.css",
      "storefront.d08afc0cb35052a826d9.js",
      "storefront.51c75e3858644ce96bad.css.map",
      "storefront.d08afc0cb35052a826d9.js.map"
    ],
    "vendors~app-cart": "chunk.4736630ec7f91afe7653.js",
    "vendors~app-checkout": "chunk.edc5f1c377180fa15c6e.js"
  }
}