{
  "title": "Como Comprar",
  "body": "<p></p>\n<p></p>\n<p></p>\n<p></p>\n<p></p>\n<p><span style=\"font-weight: bold;\">COMPRAR NA KELVY'S CAMISAS É MUITO FÁCIL</span><br><br>Vamos mostrar a vocês como é simples efetuar uma compra em nosso site, em poucos cliques você consegue efetuar sua compra</p>\n<p><br><span style=\"font-weight: bold;\">1.</span> Escolha seu modelo preferido<img style=\"width: 896px;\" src=\"https://www.kelvys.com.br/img/uploads/1.Escolha-o-modelo.jpg\"></p>\n<p></p>\n<p><span style=\"font-weight: bold;\">2.</span> Escolha seu tamanho, só lembrando que todos os nosso produtos têm uma tabela de medidas pra auxiliar você a escolher o tamanho mais adequado.<img style=\"width: 896px;\" src=\"https://www.kelvys.com.br/img/uploads/2.Escolha-seu-tamanho.jpg\"><br></p>\n<p><span style=\"font-weight: bold;\">3.</span> Simule o Frete, basta digitar seu CEP<img style=\"width: 896px;\" src=\"https://www.kelvys.com.br/img/uploads/3.Clique-em-calcular.jpg\"></p>\n<p></p>\n<img style=\"width: 896px;\" src=\"https://www.kelvys.com.br/img/uploads/4.Digite-seu-CEP1.jpg\"><p><br></p>\n<p></p>\n* Se tiver algum cupom de desconto coloque aqui<span style=\"font-weight: bold;\"></span><img style=\"width: 896px;\" src=\"https://www.kelvys.com.br/img/uploads/5.Digite-seu-cupom.jpg\"><p></p>\n<span style=\"font-weight: bold;\"></span><p></p>\n<p><span style=\"font-weight: bold;\">4.</span> Clique em Finalizar Pedido<img style=\"width: 896px;\" src=\"https://www.kelvys.com.br/img/uploads/6.Clique-em-fechar-pedido.jpg\"></p>\n<p></p>\n<span style=\"font-weight: bold;\">5.</span> Agora é a parte onde você coloca seu e-mail, essa parte é muito importante, porque é por esse e-mail que as informações do seu pedido serão atualizadas. O código de Rastreamento dos correios ou Trasnposrtadoras, para você acompanhar seu pedido, vai nesse e-mail cadastrado.<img style=\"width: 896px;\" src=\"https://www.kelvys.com.br/img/uploads/7.Preenha-seu-email-para-cadastro.jpg\"><br><p></p>\n<p><span style=\"font-weight: bold;\">6.</span> Depois de colocar seu e-mail você deve terminar de preencher seu cadastro. Preencha nome, cpf (o cpf é usado para preencher a Nota Fiscal, que segue sempre no e-mail cadastrado e junto com o produto comprado), data de nascimento e telefones.<img style=\"width: 896px;\" src=\"https://www.kelvys.com.br/img/uploads/8.Preencha-seus-dados.jpg\"></p>\n<p></p>\n<p></p>\n<p><span style=\"font-weight: bold;\">7.</span> Como você já preencheu o CEP nas telas anteriores precisa apenas confirmar o endereço (nessa tela você consegue alterar se estiver alguma coisa errada), vai confirmar também a modalidade de envio que escolheu (PAC, SEDEX...) e completar com o número, complemento se tiver e referência se achar necessário para uma mais fácil localização dos correios.<img style=\"width: 896px;\" src=\"https://www.kelvys.com.br/img/uploads/9.Termine-de-preencher-o-endereco.jpg\"></p>\n<p><span style=\"font-weight: bold;\">8.</span> Finalmente você vai escolher o modo de pagamento, se com cartão (fique tranquilo temos certificados de segurança (SSL) que impedem de outras pessoas vejam os números de seu cartão e nenhuma informação ficará guardada em nosso banco de dados), boleto ou via Paypal, aqui você será redirecionado para o site do Paypal para finalizar a compra.</p>\n<p><img style=\"width: 896px;\" src=\"https://www.kelvys.com.br/img/uploads/10.1.Forma-de-pagamento-Cartao-de-credito.jpg\"></p>\n<img style=\"width: 896px;\" src=\"https://www.kelvys.com.br/img/uploads/10.2.Forma-de-pagamento-boleto.jpg\"><p><span style=\"font-weight: bold;\"><br></span></p>\n<img style=\"width: 896px;\" src=\"https://www.kelvys.com.br/img/uploads/10.3.Foma-de-pagamento-MercadoPago.png\"><p><span style=\"font-weight: bold;\"><br></span></p>\n<img style=\"width: 896px;\" src=\"https://www.kelvys.com.br/img/uploads/10.4.Foma-de-pagamento-Paypal2.jpg\"><p><span style=\"font-weight: bold;\"><br></span></p>\n<p><span style=\"font-weight: bold;\">9.</span> Pronto. Assim que seu pedido é aprovado já iniciamos o processo de envio até você. Qualquer outra dúvida pode nos contatar por email (faleconosco@kelvys.com.br) ou pelo nosso WhattsApp (44) 9 9180-8130<br></p>\n<br>",
  "meta_title": "Como comprar na Kelvy's Camisas aqui mostramos cada passo",
  "meta_description": " Aqui vamos te mostrar como comprar sua camisa, como preencher seus dados e quais as formas de pagamento que você pode usar.",
  "sections": [
    {
      "type": "breadcrumbs",
      "enabled": true
    },
    {
      "type": "page-title"
    },
    {
      "type": "extra-page",
      "enabled": true
    }
  ]
}