{
  "title": "Avaliações de Clientes",
  "body": "Veja o que nossos clientes estão falando, abaixo você pode ver os depoimentos dos nossos clientes, são opiniões reais. Usamos empresas especializadas em pesquisa e o próprio Google para enviar as avaliações aos nossos clientes. Temos também as avaliações da nossa loja no Mercado Livre:",
  "meta_title": "Depoimentos e Avaliações dos clientes Kelvy's Camisas",
  "meta_description": "Veja o que nossos clientes estão falando sobre nossas camisas, assim fica mais fácil você pode saber o que nossos clientes acharam das camisas, qualidade, prazo e entrega, condições de pagamento.",
  "sections": [
    {
      "type": "breadcrumbs",
      "enabled": true
    },
    {
      "type": "page-title"
    },
    {
      "type": "extra-page",
      "enabled": true
    },
    {
      "type": "custom-html",
      "html": "<iframe id='AV_widget_iframe' frameBorder=\"0\" width=\"100%\" height=\"100%\" src=\"//cl.avis-verifies.com/br/cache/8/c/7/8c7c2c69-7520-d754-f544-483d6a0625cb/widget4/8c7c2c69-7520-d754-f544-483d6a0625cbhorizontal_index.html\"></iframe>"
    },
    {
      "type": "custom-html",
      "html": "<img style=\"width: 250px;\" src=\"https://www.kelvys.com.br/img/uploads/mercado_livre_kelvys.png\">\n<div id=\"iframeML-block\"><iframe name=\"'iframeML'\" id=\"iframeML\" src=\"https://www.mercadolivre.com.br/perfil/KELVYS+CAMISAS\" scrolling=\"no\" frameborder=\"0\"><br></iframe></div>\n"
    }
  ]
}