{
  "title": "Endereços",
  "body": "<!--StartFragment-->\n\n\\\nLoja KELVY'S CAMISAS\\\nAvenida Brasil Nº 3434 Loja 03 e Loja 40\\\nShopping. Center Brasil\\\nCentro - Maringá-PR\\\n(44) 3033-8130\\\n(44) 3033-8088\n\n<iframe src=\"https://www.google.com/maps/embed?pb=!1m18!1m12!1m3!1d3661.110378308736!2d-51.937638185191304!3d-23.420379584753032!2m3!1f0!2f0!3f0!3m2!1i1024!2i768!4f13.1!3m3!1m2!1s0x94ecd0d4a0686be5%3A0x69ad26c76c7d0594!2sKelvy&#39;s%20Camisas!5e0!3m2!1spt-BR!2sbr!4v1590980584711!5m2!1spt-BR!2sbr\" width=\"600\" height=\"450\" frameborder=\"0\" style=\"border:0;\" allowfullscreen=\"\" aria-hidden=\"false\" tabindex=\"0\"></iframe>\n\n\\\n\\\nLoja KELVY'S SHOWROOM\\\nRua Pioneiro Arlindo Pedralli Nº 1424 Sala 01\\\nJd. Santa Helena - Maringá-PR\\\n(44) 99180-8130\n\n\n<iframe src=\"https://www.google.com/maps/embed?pb=!1m18!1m12!1m3!1d3661.966836077739!2d-51.95351478519194!3d-23.389416984768577!2m3!1f0!2f0!3f0!3m2!1i1024!2i768!4f13.1!3m3!1m2!1s0x94ecd72fd04f3f0b%3A0x1825ae02325e2ef9!2sKelvy&#39;s%20Camisas%20(Showroom)!5e0!3m2!1spt-BR!2sbr!4v1590980437967!5m2!1spt-BR!2sbr\" width=\"600\" height=\"450\" frameborder=\"0\" style=\"border:0;\" allowfullscreen=\"\" aria-hidden=\"false\" tabindex=\"0\"></iframe>\n\n\n\\\n\\\nHorário Funcionamento:\\\nSegunda à Sexta: das 09:00 às 18:30hs\\\nSábados (dois primeiros de cada mês): das 9:00 às 18:00hs\\\nSábados: (dois últimos de cada mês) das 9:00 - 14:00hs\\\nDomingos: Fechado\n\n<!--EndFragment-->",
  "meta_title": "Endereços Kelvy's Camisas Aqui você encontra nossas lojas",
  "meta_description": "Estamos com nossas lojas localizadas em Maringá - PR, uma no bairro e outra bem no centro da cidade, no Shopping Center Brasil.",
  "sections": [
    {
      "type": "breadcrumbs",
      "enabled": true
    },
    {
      "type": "page-title"
    },
    {
      "type": "extra-page",
      "enabled": true
    }
  ]
}