{
  "title": "Política de privacidade",
  "meta_title": "Política de privacidade Kelvy's Camisas Sigilo dos Dados",
  "meta_description": "Política de Privacidade da Kelvy's Camisas, a segurança dos seus dados é prioridade pra nós",
  "body": "Nos comprometemos a preservar os dados de todos os clientes, informações importantes como senha e CPF são criptografadas no momento do cadastro, antes de serem salvas. A finalização da sua compra será realizada em ambiente seguro e nenhuma informação relacionada a cartões de crédito ou contas bancárias será armazenada em nossos bancos de dados. Os dados cadastrais dos clientes não são vendidos, trocados ou divulgados para terceiros, exceto quando essas informações são necessárias para o processo de entrega, para cobrança, ou para participação em promoções solicitadas pelos clientes. Seus dados pessoais são peça fundamental para que seu pedido chegue em segurança, na sua casa, de acordo com nosso prazo de entrega. Nosso site utiliza cookies e informações de sua navegação (sessão do browser) com o objetivo de traçar um perfil do público que visita o site e aperfeiçoar sempre nossos serviços, produtos, conteúdos e garantir as melhores ofertas e promoções para você. Estas informações são registradas automaticamente e serão mantidas em sigilo absoluto. Ao utilizar nossos serviços, você concorda com a nossa política de privacidade. Qualquer alteração sobre nossa política de privacidade será devidamente informada nesta página.\n\n\n\n<!--StartFragment-->\n\n![](https://cdn.ecvol.com/s/www.kelvys.com.br/uploads/Selos-seguranca-min.png)\n\n**SEGURANÇA**\n\nTrabalhamos com os mais modernos métodos e sistemas para garantir a segurança dos dados armazenados em nossos servidores. Nosso servidor trabalha com o padrão SSL, ou seja, toda informação entre nosso servidor e o cliente é transmitida criptografada. Você pode identificar quando este serviço está ativo, basta visualizar em seu navegador um \"Cadeado Verde Fechado\" e o acrescido de um \"s\" no link do endereço ficando assim: https:// em vez de http:// (Como mostrado na figura abaixo). Enquanto você estiver logado no site você estará em ambiente 100% seguro. Para garantir mais segurança não armazenamos em nossos servidores os números de cartões de crédito de nossos clientes.\n\n![](https://cdn.e-com.club/s/www.kelvys.com.br/uploads/https.png)\n\n<!--EndFragment-->",
  "sections": [
    {
      "type": "breadcrumbs",
      "enabled": true
    },
    {
      "type": "page-title"
    },
    {
      "type": "extra-page",
      "enabled": true
    }
  ]
}