{
  "title": "Rastrear um pedido",
  "body": "Nessa página você pode rastrear seu pedido, utilizamos os Correios e algumas transportadoras para enviar nossos produtos, basta clicar colocar os dados do rastreamento ou CPF para verificar. Essas informações também são enviar por e-mail nas atualizações do seu pedido, sempre que um pedido é emitido nota fiscal é enviado ou entregue os clientes recebem essas atualizações pelo e-mail cadastrado na compra.  \\\n\\\n\\\n<a href=\"#\" onclick=\"window.open('https://www2.correios.com.br/sistemas/rastreamento/', 'tracking_correios', 'width=680, height=500, location=0, scrollbars=1');\"><img src=\"/img/uploads/logo-correios-web.jpg\" border=\"0\" /></a> \\\n\\\n\\\n\\\n<a href=\"#\" onclick=\"window.open('https://www.jadlog.com.br/jadlog/home', 'tracking_jadlog', 'width=680, height=500, location=0, scrollbars=1');\"><img src=\"/img/uploads/logo-jadlog-web.jpg\" border=\"0\" /></a>  \\\n\\\n\\\n\\\n<a href=\"#\" onclick=\"window.open('https://asaplog.com.br/rastrear-encomenda/', 'tracking_asaplog', 'width=680, height=500, location=0, scrollbars=1');\"><img src=\"/img/uploads/logo-asaplog-web.jpg\" border=\"0\" /></a>  \\\n\\\n\\\n\\\n<a href=\"#\" onclick=\"window.open('https://totalexpress.com.br/', 'tracking_total', 'width=680, height=500, location=0, scrollbars=1');\"><img src=\"https://www.kelvys.com.br/img/uploads/logo-total-trackingpub.png\" border=\"0\" /></a>",
  "meta_title": "Rastrear pedido tanto dos correios quanto transportadoras.",
  "meta_description": "Nessa página você pode rastrear seus pedidos na Kelvys camisas, aqui estão os métodos de envio que utilizamos em nossa loja usamos Correios e Transportadoras.",
  "sections": [
    {
      "type": "breadcrumbs",
      "enabled": true
    },
    {
      "type": "page-title",
      "title": ""
    },
    {
      "type": "extra-page",
      "enabled": true
    }
  ]
}