{
  "title": "Quem somos",
  "meta_title": "Nessa página um pouco da história da Kelvy's Camisas",
  "meta_description": "Somos uma marca própria de camisas masculinas, camisa social, camisas jeans direto da fábrica. Nossas camisas tem corte Slim, super atual na moda masculina.",
  "body": "<!--StartFragment-->\n\nSomos a KELVY'S CAMISAS muito prazer! Somos uma marca de camisas masculinas, polos, camisetas, são camisas casuais para o dia dia e principalmente para quase todas as ocasiões. Sabe aquela festa que aparece de última hora e você lembra que não têm nenhuma camisa pra ir, nenhuma camisa polo, nada!! Agora você achou a gente. Estamos nesse ramo há bastante tempo, mais de 27 anos.\n\nNa Internet estamos começando, mas podemos te afirmar que fabricamos nossas camisa e pólos visando a qualidade. Mas nada de cobrar caro não, vendemos com preço justo. O que a gente mais gosta de ver, são as pessoas satisfeitas com aquilo que compram, essa é nossa maior satisfação. \n\nVer você bem vestido em uma camisa ou em uma camisa polo, seja onde for, numa ocasião mais formal, casamento, formatura, ou em um barzinho jogando conversa fora com os amigos, numa balada curtindo é isso que importa tentar proporcionar o seu bem estar. Isso que a gente busca, e isso não tem preço!\\\n\\\nNossas lojas KELVY'S estão voltadas para o publico que não abre mão da qualidade das roupas que usa, nem do seu estilo próprio. E com um preço justo podemos incentivar ainda mais os desejos e estilos de cada um que adquire nossas camisas, polos. Comercializamos quase que exclusivamente peças masculinas de grandes marcas, como Gangster, Consciência Jeans, Dixie Jeans.\\\n\\\nNosso principal objetivo comercializando roupas é ver a satisfação e a alegria das pessoas ao usarem nossos produtos, isso que nos dá coragem e motivação para continuar a fazer nossos produtos da melhor maneira possível. Dia após dia vemos as pessoas tomarem muitos rumos e decisões em suas vidas e queremos estar com vocês nesses momentos.\\\n\\\nÉ essa mesma coragem que nos move que queremos transferir a cada pessoa que usa nossos produtos, e aí que tal um pouco dessa coragem?\n\n<!--EndFragment-->",
  "sections": [
    {
      "type": "breadcrumbs",
      "enabled": true
    },
    {
      "type": "page-title"
    },
    {
      "type": "extra-page",
      "enabled": true
    }
  ]
}