{
  "description": {
    "title": "",
    "text": ""
  },
  "links_1": {
    "list_pages": false,
    "title": "Atendimento",
    "list": [
      {
        "text": "Início",
        "url": "https://www.kelvys.com.br/"
      },
      {
        "text": "Contato",
        "url": "https://www.kelvys.com.br/pages/contato"
      },
      {
        "text": "Quem Somos",
        "url": "https://www.kelvys.com.br/pages/sobre-nos"
      },
      {
        "text": "Endereços",
        "url": "https://www.kelvys.com.br/pages/enderecos"
      },
      {
        "text": "Como Comprar",
        "url": "https://www.kelvys.com.br/pages/como-comprar"
      },
      {
        "text": "Depoimentos",
        "url": "https://www.kelvys.com.br/pages/depoimentos-de-clientes"
      },
      {
        "text": "Rastrear Pedido",
        "url": "https://www.kelvys.com.br/pages/rastrear-pedido"
      },
      {
        "text": "Trocas e Devoluções",
        "url": "https://www.kelvys.com.br/pages/trocas"
      },
      {
        "text": "Política de Privacidade",
        "url": "https://www.kelvys.com.br/pages/privacidade"
      }
    ]
  },
  "links_2": {
    "list_categories": false,
    "title": "Categorias",
    "list": [
      {
        "text": "Camisa Masculina",
        "url": "https://www.kelvys.com.br/camisas-masculinas/"
      },
      {
        "text": "Camisa Polo",
        "url": "https://www.kelvys.com.br/camisa-polo-masculina/"
      },
      {
        "text": "Camisetas",
        "url": "https://www.kelvys.com.br/camisetas-masculinas/"
      },
      {
        "text": "Calça Masculina",
        "url": "https://www.kelvys.com.br/calca-masculina"
      },
      {
        "text": "Bermuda Masculina",
        "url": "https://www.kelvys.com.br/bermuda-masculina"
      },
      {
        "text": "Acessórios",
        "url": "https://www.kelvys.com.br/acessorios-masculinos/"
      },
      {
        "text": "Looks",
        "url": "https://www.kelvys.com.br/sugestao-de-looks/"
      },
      {
        "text": "Blog",
        "url": "https://www.kelvys.com.br/blog"
      }
    ]
  },
  "contacts": {
    "title": "Contato",
    "phone_wpp": true,
    "socials": true,
    "email": true,
    "address": true
  },
  "stamps": [
    {
      "src": "/img/uploads/selo_safebrowsingkelvys.png",
      "alt": "Ambiente Seguro - Google Safe Browsing",
      "link": "https://transparencyreport.google.com/safe-browsing/search?url=www.kelvys.com.br"
    },
    {
      "src": "/img/uploads/nortonsafeweb.png",
      "alt": "Ambiente Seguro - Norton Safe Web",
      "link": "https://safeweb.norton.com/report/show?url=www.kelvys.com.br&ulang=por_bra"
    },
    {
      "src": "/img/uploads/securetrust_kelvys.png",
      "alt": "Site Seguro",
      "link": "https://sealserver.trustwave.com/cert.php?customerId=0d61ae2960a14989a44adcc85f3b9e6c"
    },
    {
      "src": "/img/uploads/protegido-por-paypal.png",
      "alt": "Protegido por PayPal"
    }
  ],
  "payment_methods": {
    "bb": false,
    "visa": true,
    "boleto": true,
    "aura": false,
    "banrisul": false,
    "elo": false,
    "hipercard": true,
    "hsbc": false,
    "bradesco": false,
    "santander": false,
    "mastercard": true,
    "paypal": false,
    "citibank": false,
    "hiper": false,
    "diners": false,
    "mais": false,
    "amex": true,
    "itau": false
  },
  "credits": ""
}