{
  "marketing_stripe": {
    "text": "",
    "link": "",
    "background": "#000000",
    "color": "#000000"
  },
  "contacts_stripe": {
    "pages": [
      {
        "title": "Blog",
        "link": "https://www.kelvys.com.br/blog"
      },
      {
        "title": "Atendimento",
        "link": "https://www.kelvys.com.br/contato"
      }
    ],
    "phone_wpp": true,
    "socials": true
  },
  "categories_list": {
    "featured": [
      "/camisas-masculinas?Camisa Masculina",
      "/camisa-social-masculina?Camisa Social",
      "/camisetas-masculinas?Camisetas",
      "/camisa-polo-masculina?Camisa Polo"
    ],
    "random": 0,
    "full_width": false
  },
  "search_input": true,
  "desktop_megamenu": false
}