{
  "sections": [
    {
      "type": "responsive-banner",
      "img": "/img/uploads/banner-topo-produto.jpg"
    },
    {
      "type": "breadcrumbs",
      "enabled": true
    },
    {
      "type": "product-block",
      "enabled": true
    },
    {
      "type": "product-description",
      "enabled": true
    },
    {
      "type": "custom-html",
      "html": "<iframe id=\"myQAIframe\" scrolling=\"no\" style=\"overflow: hidden; height: 49px; border: 0px; width: 100%\"></iframe>\n<script>\n  window.addEventListener(\"load\", function (event) {\n    var category = window.storefront.context.body.categories ? window.storefront.context.body.categories[0].slug : ''\n    var productPage = window.location.href\n    var url = '//cl.avis-verifies.com/medias/components/html/iframe/8c7c2c69-7520-d754-f544-483d6a0625cb_iframe.html#?idWebsite=8c7c2c69-7520-d754-f544-483d6a0625cb&' +\n      `productId=${window.storefront.context.body.sku}&` +\n      'token=b7767691b8dd6d4a70f0f2c5893318225e330777&' +\n      'firstName=&lastName=&email=&' +\n      `category=${category}&` +\n      `productPage=${productPage}`\n    document.getElementById('myQAIframe').src = url\n  });\n</script>\n<script type=\"text/javascript\" src=\"//cl.avis-verifies.com/medias/components/html/js/iframeResizer.min.js\"></script>\n<script type=\"text/javascript\"> (function () { iFrameResize({ log: true, checkOrigin: false }, \"#myQAIframe\"); })(); </script>\n"
    },
    {
      "type": "custom-html",
      "html": "<iframe id='AV_widget_iframe' frameBorder=\"0\" width=\"100%\" height=\"100%\" src=\"//cl.avis-verifies.com/br/cache/8/c/7/8c7c2c69-7520-d754-f544-483d6a0625cb/widget4/8c7c2c69-7520-d754-f544-483d6a0625cbhorizontal_index.html\"></iframe>"
    },
    {
      "type": "related-products",
      "title": "Produtos relacionados"
    },
    {
      "type": "recommended-products",
      "title": "Quem comprou este produto, também comprou:"
    },
    {
      "type": "product-specifications",
      "enabled": false
    },
    {
      "type": "custom-html",
      "html": "<!-- Begin Mailchimp Signup Form -->\n<link href=\"//cdn-images.mailchimp.com/embedcode/classic-10_7.css\" rel=\"stylesheet\" type=\"text/css\">\n<style type=\"text/css\">\n\t#mc_embed_signup{background:#1c1c1c; clear:left; font:14px Poppins,sans-serif; border-radius: 15px;  }\n\t/* Add your own Mailchimp form style overrides in your site stylesheet or in this style block.\n\t   We recommend moving this block and the preceding CSS link to the HEAD of your HTML file. */\n</style>\n<div id=\"mc_embed_signup\">\n<form action=\"https://kelvys.us12.list-manage.com/subscribe/post?u=845f927393440c92b484ef254&amp;id=7eb4e10172\" method=\"post\" id=\"mc-embedded-subscribe-form\" name=\"mc-embedded-subscribe-form\" class=\"validate\" target=\"_blank\" novalidate>\n    <div id=\"mc_embed_signup_scroll\">\n\t<h2>Deixe seu e-mail e Ganhe um Cupom de 5% de Desconto!</h2>\n<div class=\"mc-field-group\">\n\t<label for=\"mce-FNAME\">Nome * </label>\n\t<input type=\"text\" value=\"\" name=\"FNAME\" class=\"required\" id=\"mce-FNAME\">\n</div>\n<div class=\"mc-field-group\">\n\t<label for=\"mce-EMAIL\">E-mail * </label>\n\t<input type=\"email\" value=\"\" name=\"EMAIL\" class=\"required email\" id=\"mce-EMAIL\">\n</div>\n\t<div id=\"mce-responses\" class=\"clear\">\n\t\t<div class=\"response\" id=\"mce-error-response\" style=\"display:none\"></div>\n\t\t<div class=\"response\" id=\"mce-success-response\" style=\"display:none\"></div>\n\t</div>    <!-- real people should not fill this in and expect good things - do not remove this or risk form bot signups-->\n    <div style=\"position: absolute; left: -5000px;\" aria-hidden=\"true\"><input type=\"text\" name=\"b_845f927393440c92b484ef254_7eb4e10172\" tabindex=\"-1\" value=\"\"></div>\n    <div class=\"clear\"><input type=\"submit\" value=\"Assinar\" name=\"subscribe\" id=\"mc-embedded-subscribe\" class=\"button\"></div>\n    </div>\n</form>\n</div>\n<script type='text/javascript' src='//s3.amazonaws.com/downloads.mailchimp.com/js/mc-validate.js'></script><script type='text/javascript'>(function($) {window.fnames = new Array(); window.ftypes = new Array();fnames[1]='FNAME';ftypes[1]='text';fnames[0]='EMAIL';ftypes[0]='email';fnames[3]='ADDRESS';ftypes[3]='address';fnames[4]='PHONE';ftypes[4]='phone'; /**\n * Translated default messages for the $ validation plugin.\n * Locale: PT_PT\n */\n$.extend($.validator.messages, {\n\trequired: \"Campo de preenchimento obrigat&oacute;rio.\",\n\tremote: \"Por favor, corrija este campo.\",\n\temail: \"Por favor, introduza um endere&ccedil;o eletr&oacute;nico v&aacute;lido.\",\n\turl: \"Por favor, introduza um URL v&aacute;lido.\",\n\tdate: \"Por favor, introduza uma data v&aacute;lida.\",\n\tdateISO: \"Por favor, introduza uma data v&aacute;lida (ISO).\",\n\tnumber: \"Por favor, introduza um n&uacute;mero v&aacute;lido.\",\n\tdigits: \"Por favor, introduza apenas d&iacute;gitos.\",\n\tcreditcard: \"Por favor, introduza um n&uacute;mero de cart&atilde;o de cr&eacute;dito v&aacute;lido.\",\n\tequalTo: \"Por favor, introduza de novo o mesmo valor.\",\n\taccept: \"Por favor, introduza um ficheiro com uma extens&atilde;o v&aacute;lida.\",\n\tmaxlength: $.validator.format(\"Por favor, n&atilde;o introduza mais do que {0} caracteres.\"),\n\tminlength: $.validator.format(\"Por favor, introduza pelo menos {0} caracteres.\"),\n\trangelength: $.validator.format(\"Por favor, introduza entre {0} e {1} caracteres.\"),\n\trange: $.validator.format(\"Por favor, introduza um valor entre {0} e {1}.\"),\n\tmax: $.validator.format(\"Por favor, introduza um valor menor ou igual a {0}.\"),\n\tmin: $.validator.format(\"Por favor, introduza um valor maior ou igual a {0}.\")\n});}(jQuery));var $mcj = jQuery.noConflict(true);</script>\n<!--End mc_embed_signup-->"
    }
  ]
}